﻿<?xml version="1.0" encoding="utf-8"?><toc><breadcrumbs><li><a href="d75eb659-6335-53f6-af7a-81814a21ab7f.htm">Docs</a></li><li><a href="d75eb659-6335-53f6-af7a-81814a21ab7f.htm">mediatec</a></li></breadcrumbs><tocItems><li><a id="e47d8628-914c-0134-ea51-f64513fa08b8" class="has-submenu" href="e47d8628-914c-0134-ea51-f64513fa08b8.htm"><span data-tocFile="../toc/IDAA.xml" class="icon toggle" onclick="ToggleExpandCollapse(this); return false;"><i class="fa fa-angle-right"> </i></span>mediatec</a><ul class="toc-menu is-hidden"> </ul></li><li><a id="eb5c0ffa-a992-2d02-53a4-45e4d9fc3211" class="has-submenu" href="eb5c0ffa-a992-2d02-53a4-45e4d9fc3211.htm"><span data-tocFile="../toc/IDBA.xml" class="icon toggle" onclick="ToggleExpandCollapse(this); return false;"><i class="fa fa-angle-right"> </i></span>mediatec.<wbr />bddmanager</a><ul class="toc-menu is-hidden"> </ul></li><li><a id="534d79dc-7606-1f10-aad4-5cfdfeb0c0d7" class="has-submenu" href="534d79dc-7606-1f10-aad4-5cfdfeb0c0d7.htm"><span data-tocFile="../toc/IDCA.xml" class="icon toggle" onclick="ToggleExpandCollapse(this); return false;"><i class="fa fa-angle-right"> </i></span>mediatec.<wbr />controller</a><ul class="toc-menu is-hidden"> </ul></li><li><a id="7eedf0bd-4b61-92cb-2353-4afadf155b59" class="has-submenu" href="7eedf0bd-4b61-92cb-2353-4afadf155b59.htm"><span data-tocFile="../toc/IDDA.xml" class="icon toggle" onclick="ToggleExpandCollapse(this); return false;"><i class="fa fa-angle-right"> </i></span>mediatec.<wbr />dal</a><ul class="toc-menu is-hidden"> </ul></li><li><a id="9bab7a05-024b-9779-cf17-abbcbe755d26" class="has-submenu" href="9bab7a05-024b-9779-cf17-abbcbe755d26.htm"><span data-tocFile="../toc/IDEA.xml" class="icon toggle" onclick="ToggleExpandCollapse(this); return false;"><i class="fa fa-angle-right"> </i></span>mediatec.<wbr />model</a><ul class="toc-menu is-hidden"> </ul></li><li><a id="d0832a53-deb3-91d2-2087-a27e64636ae7" class="has-submenu" href="d0832a53-deb3-91d2-2087-a27e64636ae7.htm"><span data-tocFile="../toc/IDFA.xml" class="icon toggle" onclick="ToggleExpandCollapse(this); return false;"><i class="fa fa-angle-right"> </i></span>mediatec.<wbr />view</a><ul class="toc-menu is-hidden"> </ul></li></tocItems></toc>