﻿<?xml version="1.0" encoding="utf-8"?><toc><breadcrumbs><li><a href="d75eb659-6335-53f6-af7a-81814a21ab7f.htm">Docs</a></li><li><a href="d75eb659-6335-53f6-af7a-81814a21ab7f.htm">mediatec</a></li><li><a href="e47d8628-914c-0134-ea51-f64513fa08b8.htm">mediatec</a></li><li><a href="8494d065-3c56-4f10-5b98-31fb7b1ab231.htm">Namespace<wbr />Doc</a></li></breadcrumbs><tocItems><li><a id="8308902d-0414-91cc-a70c-84f8b9f948de" href="8308902d-0414-91cc-a70c-84f8b9f948de.htm">Constructor</a></li><li><a id="a8e1d9ae-0936-c0e5-eecc-b023351d8fb6" href="a8e1d9ae-0936-c0e5-eecc-b023351d8fb6.htm">Methods</a></li></tocItems></toc>