﻿<?xml version="1.0" encoding="utf-8"?><toc><breadcrumbs><li><a href="d75eb659-6335-53f6-af7a-81814a21ab7f.htm">Docs</a></li><li><a href="d75eb659-6335-53f6-af7a-81814a21ab7f.htm">mediatec</a></li><li><a href="e47d8628-914c-0134-ea51-f64513fa08b8.htm">mediatec</a></li></breadcrumbs><tocItems><li><a id="8494d065-3c56-4f10-5b98-31fb7b1ab231" class="has-submenu" href="8494d065-3c56-4f10-5b98-31fb7b1ab231.htm"><span data-tocFile="../toc/IDAAA.xml" class="icon toggle" onclick="ToggleExpandCollapse(this); return false;"><i class="fa fa-angle-right"> </i></span>Namespace<wbr />Doc</a><ul class="toc-menu is-hidden"> </ul></li><li><a id="615799f6-02d0-33b8-3249-eed27377ad68" class="has-submenu" href="615799f6-02d0-33b8-3249-eed27377ad68.htm"><span data-tocFile="../toc/IDBAA.xml" class="icon toggle" onclick="ToggleExpandCollapse(this); return false;"><i class="fa fa-angle-right"> </i></span>Program</a><ul class="toc-menu is-hidden"> </ul></li></tocItems></toc>