﻿<?xml version="1.0" encoding="utf-8"?><toc><breadcrumbs><li><a href="d75eb659-6335-53f6-af7a-81814a21ab7f.htm">Docs</a></li><li><a href="d75eb659-6335-53f6-af7a-81814a21ab7f.htm">mediatec</a></li><li><a href="eb5c0ffa-a992-2d02-53a4-45e4d9fc3211.htm">mediatec.<wbr />bddmanager</a></li><li><a href="035822ad-59f6-ba64-5fe3-16653cbfad7c.htm">Bdd<wbr />Manager</a></li></breadcrumbs><tocItems><li><a id="97b6871c-89a0-e533-4e47-518db0b9cc40" href="97b6871c-89a0-e533-4e47-518db0b9cc40.htm">Constructor</a></li><li><a id="7c053543-a043-aa00-e7a9-1d5ce66b6a69" class="has-submenu" href="7c053543-a043-aa00-e7a9-1d5ce66b6a69.htm"><span data-tocFile="../toc/IDBABA.xml" class="icon toggle" onclick="ToggleExpandCollapse(this); return false;"><i class="fa fa-angle-right"> </i></span>Methods</a><ul class="toc-menu is-hidden"> </ul></li><li><a id="83c24893-49d3-5c84-d47d-ccb540530a2e" class="has-submenu" href="83c24893-49d3-5c84-d47d-ccb540530a2e.htm"><span data-tocFile="../toc/IDCABA.xml" class="icon toggle" onclick="ToggleExpandCollapse(this); return false;"><i class="fa fa-angle-right"> </i></span>Fields</a><ul class="toc-menu is-hidden"> </ul></li></tocItems></toc>