﻿<?xml version="1.0" encoding="utf-8"?><toc><breadcrumbs><li><a href="d75eb659-6335-53f6-af7a-81814a21ab7f.htm">Docs</a></li><li><a href="d75eb659-6335-53f6-af7a-81814a21ab7f.htm">mediatec</a></li><li><a href="e47d8628-914c-0134-ea51-f64513fa08b8.htm">mediatec</a></li><li><a href="615799f6-02d0-33b8-3249-eed27377ad68.htm">Program</a></li><li><a href="c9aa6b12-19b9-636e-01c5-75a952043ae0.htm">Methods</a></li></breadcrumbs><tocItems><li><a id="e9425260-1cf3-2612-c8e0-8e77f19c940c" href="e9425260-1cf3-2612-c8e0-8e77f19c940c.htm">Main</a></li></tocItems></toc>