﻿<?xml version="1.0" encoding="utf-8"?><toc><breadcrumbs><li><a href="d75eb659-6335-53f6-af7a-81814a21ab7f.htm">Docs</a></li><li><a href="d75eb659-6335-53f6-af7a-81814a21ab7f.htm">mediatec</a></li><li><a href="534d79dc-7606-1f10-aad4-5cfdfeb0c0d7.htm">mediatec.<wbr />controller</a></li><li><a href="bce62de7-6c55-67b8-e302-f14aa6eb90b7.htm">Frm<wbr />Absence<wbr />Controller</a></li></breadcrumbs><tocItems><li><a id="b7794f87-48ba-4d82-9ad0-53006e34bc36" href="b7794f87-48ba-4d82-9ad0-53006e34bc36.htm">Constructor</a></li><li><a id="5cb8c9db-6784-612b-9297-89749d6ef959" class="has-submenu" href="5cb8c9db-6784-612b-9297-89749d6ef959.htm"><span data-tocFile="../toc/IDBACA.xml" class="icon toggle" onclick="ToggleExpandCollapse(this); return false;"><i class="fa fa-angle-right"> </i></span>Methods</a><ul class="toc-menu is-hidden"> </ul></li><li><a id="bda00ec8-4f82-7216-be4d-40c83e386a84" class="has-submenu" href="bda00ec8-4f82-7216-be4d-40c83e386a84.htm"><span data-tocFile="../toc/IDCACA.xml" class="icon toggle" onclick="ToggleExpandCollapse(this); return false;"><i class="fa fa-angle-right"> </i></span>Fields</a><ul class="toc-menu is-hidden"> </ul></li></tocItems></toc>