﻿<?xml version="1.0" encoding="utf-8"?><toc><breadcrumbs><li><a href="d75eb659-6335-53f6-af7a-81814a21ab7f.htm">Docs</a></li><li><a href="d75eb659-6335-53f6-af7a-81814a21ab7f.htm">mediatec</a></li><li><a href="7eedf0bd-4b61-92cb-2353-4afadf155b59.htm">mediatec.<wbr />dal</a></li><li><a href="9693a634-f757-bb68-a390-b622402b04cd.htm">Absence<wbr />Access</a></li></breadcrumbs><tocItems><li><a id="00ab52e9-25ac-7991-5196-e499e446e875" href="00ab52e9-25ac-7991-5196-e499e446e875.htm">Constructor</a></li><li><a id="4cd760df-ea58-9046-3f8f-e539a40ded7c" class="has-submenu" href="4cd760df-ea58-9046-3f8f-e539a40ded7c.htm"><span data-tocFile="../toc/IDBADA.xml" class="icon toggle" onclick="ToggleExpandCollapse(this); return false;"><i class="fa fa-angle-right"> </i></span>Methods</a><ul class="toc-menu is-hidden"> </ul></li><li><a id="92df9aee-4878-dd58-4525-851413ac6ff9" class="has-submenu" href="92df9aee-4878-dd58-4525-851413ac6ff9.htm"><span data-tocFile="../toc/IDCADA.xml" class="icon toggle" onclick="ToggleExpandCollapse(this); return false;"><i class="fa fa-angle-right"> </i></span>Fields</a><ul class="toc-menu is-hidden"> </ul></li></tocItems></toc>