﻿<?xml version="1.0" encoding="utf-8"?><toc><breadcrumbs><li><a href="d75eb659-6335-53f6-af7a-81814a21ab7f.htm">Docs</a></li><li><a href="d75eb659-6335-53f6-af7a-81814a21ab7f.htm">mediatec</a></li><li><a href="9bab7a05-024b-9779-cf17-abbcbe755d26.htm">mediatec.<wbr />model</a></li><li><a href="9e1c6111-2294-2543-d07f-eedda5d2be41.htm">Absence</a></li></breadcrumbs><tocItems><li><a id="1631f4ed-b80a-6f6e-59d4-bd2422f5e482" href="1631f4ed-b80a-6f6e-59d4-bd2422f5e482.htm">Constructor</a></li><li><a id="18b88313-0624-10f3-f873-bdbe2ec4b73a" class="has-submenu" href="18b88313-0624-10f3-f873-bdbe2ec4b73a.htm"><span data-tocFile="../toc/IDBAEA.xml" class="icon toggle" onclick="ToggleExpandCollapse(this); return false;"><i class="fa fa-angle-right"> </i></span>Properties</a><ul class="toc-menu is-hidden"> </ul></li><li><a id="8f7202fa-e213-4907-7cd1-a44ad4a9fada" href="8f7202fa-e213-4907-7cd1-a44ad4a9fada.htm">Methods</a></li></tocItems></toc>