﻿<?xml version="1.0" encoding="utf-8"?><toc><breadcrumbs><li><a href="d75eb659-6335-53f6-af7a-81814a21ab7f.htm">Docs</a></li><li><a href="d75eb659-6335-53f6-af7a-81814a21ab7f.htm">mediatec</a></li><li><a href="d0832a53-deb3-91d2-2087-a27e64636ae7.htm">mediatec.<wbr />view</a></li><li><a href="cf21739d-d705-1062-e4d5-81da8f872c34.htm">Frm<wbr />Absences</a></li></breadcrumbs><tocItems><li><a id="3ee87c9b-fd2e-765e-1776-c82be9222569" href="3ee87c9b-fd2e-765e-1776-c82be9222569.htm">Constructor</a></li><li><a id="750ef9db-0c27-4216-e6f6-4473ef84ed5a" href="750ef9db-0c27-4216-e6f6-4473ef84ed5a.htm">Properties</a></li><li><a id="cb458cac-f7b4-e33e-470c-cd1fe631cf64" class="has-submenu" href="cb458cac-f7b4-e33e-470c-cd1fe631cf64.htm"><span data-tocFile="../toc/IDCAFA.xml" class="icon toggle" onclick="ToggleExpandCollapse(this); return false;"><i class="fa fa-angle-right"> </i></span>Methods</a><ul class="toc-menu is-hidden"> </ul></li><li><a id="067be92b-ab9d-748f-77ac-7ea990cd8bf3" href="067be92b-ab9d-748f-77ac-7ea990cd8bf3.htm">Events</a></li><li><a id="5531a6d9-390d-bad7-6445-9453e0ed4772" class="has-submenu" href="5531a6d9-390d-bad7-6445-9453e0ed4772.htm"><span data-tocFile="../toc/IDEAFA.xml" class="icon toggle" onclick="ToggleExpandCollapse(this); return false;"><i class="fa fa-angle-right"> </i></span>Fields</a><ul class="toc-menu is-hidden"> </ul></li></tocItems></toc>