﻿<?xml version="1.0" encoding="utf-8"?><toc><breadcrumbs><li><a href="d75eb659-6335-53f6-af7a-81814a21ab7f.htm">Docs</a></li><li><a href="d75eb659-6335-53f6-af7a-81814a21ab7f.htm">mediatec</a></li><li><a href="534d79dc-7606-1f10-aad4-5cfdfeb0c0d7.htm">mediatec.<wbr />controller</a></li><li><a href="bce62de7-6c55-67b8-e302-f14aa6eb90b7.htm">Frm<wbr />Absence<wbr />Controller</a></li><li><a href="5cb8c9db-6784-612b-9297-89749d6ef959.htm">Methods</a></li></breadcrumbs><tocItems><li><a id="668e181c-d0d6-e05f-0c41-a7a3763d6933" href="668e181c-d0d6-e05f-0c41-a7a3763d6933.htm">Absence<wbr />Exist</a></li><li><a id="28e1f4c9-efbb-4680-72e2-f793560eba8e" href="28e1f4c9-efbb-4680-72e2-f793560eba8e.htm">Add<wbr />Absence</a></li><li><a id="d1ea6556-3764-ea46-f720-11a3a8cf5fe3" href="d1ea6556-3764-ea46-f720-11a3a8cf5fe3.htm">Del<wbr />Absence</a></li><li><a id="6836a72a-be15-4419-eb22-c7261279d111" href="6836a72a-be15-4419-eb22-c7261279d111.htm">Get<wbr />Les<wbr />Absence</a></li><li><a id="ee912ad3-e9ad-e07a-55d7-8f0ff1d18043" href="ee912ad3-e9ad-e07a-55d7-8f0ff1d18043.htm">Get<wbr />Les<wbr />Motifs</a></li><li><a id="7b136f4d-3167-2eb8-b54b-a59ad9fc5d0f" href="7b136f4d-3167-2eb8-b54b-a59ad9fc5d0f.htm">Update<wbr />Absence</a></li></tocItems></toc>