﻿<?xml version="1.0" encoding="utf-8"?><toc><breadcrumbs><li><a href="d75eb659-6335-53f6-af7a-81814a21ab7f.htm">Docs</a></li><li><a href="d75eb659-6335-53f6-af7a-81814a21ab7f.htm">mediatec</a></li><li><a href="eb5c0ffa-a992-2d02-53a4-45e4d9fc3211.htm">mediatec.<wbr />bddmanager</a></li><li><a href="035822ad-59f6-ba64-5fe3-16653cbfad7c.htm">Bdd<wbr />Manager</a></li><li><a href="7c053543-a043-aa00-e7a9-1d5ce66b6a69.htm">Methods</a></li></breadcrumbs><tocItems><li><a id="0cd0fb6c-b7e4-8abe-ebc4-ae2d86e62da8" href="0cd0fb6c-b7e4-8abe-ebc4-ae2d86e62da8.htm">Get<wbr />Instance</a></li><li><a id="93d93429-c3f7-77c4-e17b-07f2b1c758c1" href="93d93429-c3f7-77c4-e17b-07f2b1c758c1.htm">Req<wbr />Select</a></li><li><a id="d1c49f0d-b7bd-46ba-a6f1-dd7454e4fe92" href="d1c49f0d-b7bd-46ba-a6f1-dd7454e4fe92.htm">Req<wbr />Update</a></li></tocItems></toc>