﻿<?xml version="1.0" encoding="utf-8"?><toc><breadcrumbs><li><a href="d75eb659-6335-53f6-af7a-81814a21ab7f.htm">Docs</a></li><li><a href="d75eb659-6335-53f6-af7a-81814a21ab7f.htm">mediatec</a></li><li><a href="9bab7a05-024b-9779-cf17-abbcbe755d26.htm">mediatec.<wbr />model</a></li><li><a href="9e1c6111-2294-2543-d07f-eedda5d2be41.htm">Absence</a></li><li><a href="18b88313-0624-10f3-f873-bdbe2ec4b73a.htm">Properties</a></li></breadcrumbs><tocItems><li><a id="af1ea207-6167-ae97-133d-35768fd8fd83" href="af1ea207-6167-ae97-133d-35768fd8fd83.htm">date<wbr />Debut</a></li><li><a id="4db05d80-5cce-c6cf-bf81-a84dc13c4f46" href="4db05d80-5cce-c6cf-bf81-a84dc13c4f46.htm">date<wbr />Fin</a></li><li><a id="e8e69a9d-975c-1acc-4bf5-bfe47181dfeb" href="e8e69a9d-975c-1acc-4bf5-bfe47181dfeb.htm">motif</a></li><li><a id="c862157b-d317-142c-4edc-74ae8db19f22" href="c862157b-d317-142c-4edc-74ae8db19f22.htm">personnel</a></li></tocItems></toc>