﻿<?xml version="1.0" encoding="utf-8"?><toc><breadcrumbs><li><a href="d75eb659-6335-53f6-af7a-81814a21ab7f.htm">Docs</a></li><li><a href="d75eb659-6335-53f6-af7a-81814a21ab7f.htm">mediatec</a></li><li><a href="eb5c0ffa-a992-2d02-53a4-45e4d9fc3211.htm">mediatec.<wbr />bddmanager</a></li></breadcrumbs><tocItems><li><a id="035822ad-59f6-ba64-5fe3-16653cbfad7c" class="has-submenu" href="035822ad-59f6-ba64-5fe3-16653cbfad7c.htm"><span data-tocFile="../toc/IDABA.xml" class="icon toggle" onclick="ToggleExpandCollapse(this); return false;"><i class="fa fa-angle-right"> </i></span>Bdd<wbr />Manager</a><ul class="toc-menu is-hidden"> </ul></li></tocItems></toc>