﻿<?xml version="1.0" encoding="utf-8"?><toc><breadcrumbs><li><a href="d75eb659-6335-53f6-af7a-81814a21ab7f.htm">Docs</a></li><li><a href="d75eb659-6335-53f6-af7a-81814a21ab7f.htm">mediatec</a></li><li><a href="7eedf0bd-4b61-92cb-2353-4afadf155b59.htm">mediatec.<wbr />dal</a></li><li><a href="9693a634-f757-bb68-a390-b622402b04cd.htm">Absence<wbr />Access</a></li><li><a href="4cd760df-ea58-9046-3f8f-e539a40ded7c.htm">Methods</a></li></breadcrumbs><tocItems><li><a id="d53516f7-ea30-71e5-116b-2f7965682f15" href="d53516f7-ea30-71e5-116b-2f7965682f15.htm">Absence<wbr />Exist</a></li><li><a id="5d40dee6-7ac0-a022-931e-cbe8f4e873ad" href="5d40dee6-7ac0-a022-931e-cbe8f4e873ad.htm">Add<wbr />Absence</a></li><li><a id="773a8dc6-03b4-5169-92c7-8ee6801cc86d" href="773a8dc6-03b4-5169-92c7-8ee6801cc86d.htm">Del<wbr />Absence</a></li><li><a id="eba8d288-85a9-c6e4-fd75-46ba985ae423" href="eba8d288-85a9-c6e4-fd75-46ba985ae423.htm">Get<wbr />Les<wbr />Absence</a></li><li><a id="bacc4fb6-8a21-a142-4a5a-e781f0e0768e" href="bacc4fb6-8a21-a142-4a5a-e781f0e0768e.htm">Update<wbr />Absence</a></li></tocItems></toc>