﻿<?xml version="1.0" encoding="utf-8"?><toc><breadcrumbs><li><a href="d75eb659-6335-53f6-af7a-81814a21ab7f.htm">Docs</a></li><li><a href="d75eb659-6335-53f6-af7a-81814a21ab7f.htm">mediatec</a></li><li><a href="534d79dc-7606-1f10-aad4-5cfdfeb0c0d7.htm">mediatec.<wbr />controller</a></li><li><a href="68d542e5-f35e-3ef6-0312-9949a218e8fb.htm">Frm<wbr />Authentification<wbr />Controller</a></li><li><a href="d7e15b3f-2534-ae91-0722-a1b27de3bff3.htm">Methods</a></li></breadcrumbs><tocItems><li><a id="9e082659-2c49-1317-d092-ce50dd9e02c3" href="9e082659-2c49-1317-d092-ce50dd9e02c3.htm">Controle<wbr />Authentification</a></li></tocItems></toc>