﻿<?xml version="1.0" encoding="utf-8"?><toc><breadcrumbs><li><a href="d75eb659-6335-53f6-af7a-81814a21ab7f.htm">Docs</a></li><li><a href="d75eb659-6335-53f6-af7a-81814a21ab7f.htm">mediatec</a></li><li><a href="9bab7a05-024b-9779-cf17-abbcbe755d26.htm">mediatec.<wbr />model</a></li><li><a href="2289e41b-e160-ec5a-a327-95515b79dd67.htm">Motif</a></li><li><a href="fe4815d2-5e73-b7b6-bb55-96d6bac72d19.htm">Properties</a></li></breadcrumbs><tocItems><li><a id="7af8cad6-2485-cf3a-695e-b40d81e212c3" href="7af8cad6-2485-cf3a-695e-b40d81e212c3.htm">Idmotif</a></li><li><a id="162fe3a4-aed3-1b14-b66f-a56a3472536e" href="162fe3a4-aed3-1b14-b66f-a56a3472536e.htm">Libelle</a></li></tocItems></toc>