﻿<?xml version="1.0" encoding="utf-8"?><toc><breadcrumbs><li><a href="d75eb659-6335-53f6-af7a-81814a21ab7f.htm">Docs</a></li><li><a href="d75eb659-6335-53f6-af7a-81814a21ab7f.htm">mediatec</a></li><li><a href="d0832a53-deb3-91d2-2087-a27e64636ae7.htm">mediatec.<wbr />view</a></li><li><a href="d771c97e-1cba-19f1-52ff-40548a4f8a10.htm">Frm<wbr />Authentification</a></li><li><a href="85acf3db-5d5c-764d-84ec-5587c4be8adb.htm">Methods</a></li><li><a href="4fee12aa-5d0c-ef1e-b5a6-dfc5ee73d9f6.htm">Dispose</a></li></breadcrumbs><tocItems><li><a id="150906b8-5f95-5a0d-6bac-dc8fb85a433a" href="150906b8-5f95-5a0d-6bac-dc8fb85a433a.htm">Dispose(<wbr />Boolean)</a></li></tocItems></toc>