﻿<?xml version="1.0" encoding="utf-8"?><toc><breadcrumbs><li><a href="d75eb659-6335-53f6-af7a-81814a21ab7f.htm">Docs</a></li><li><a href="d75eb659-6335-53f6-af7a-81814a21ab7f.htm">mediatec</a></li><li><a href="7eedf0bd-4b61-92cb-2353-4afadf155b59.htm">mediatec.<wbr />dal</a></li><li><a href="57849d7a-ed62-09fe-5442-5b9efacf60f1.htm">Motif<wbr />Access</a></li><li><a href="7fa6e122-a7b8-3bdf-bf05-61612d032850.htm">Methods</a></li></breadcrumbs><tocItems><li><a id="4ff4ab43-01ef-0a90-cb56-581113d45fb4" href="4ff4ab43-01ef-0a90-cb56-581113d45fb4.htm">Get<wbr />Les<wbr />Motifs</a></li></tocItems></toc>