﻿<?xml version="1.0" encoding="utf-8"?><toc><breadcrumbs><li><a href="d75eb659-6335-53f6-af7a-81814a21ab7f.htm">Docs</a></li><li><a href="d75eb659-6335-53f6-af7a-81814a21ab7f.htm">mediatec</a></li><li><a href="534d79dc-7606-1f10-aad4-5cfdfeb0c0d7.htm">mediatec.<wbr />controller</a></li><li><a href="68d542e5-f35e-3ef6-0312-9949a218e8fb.htm">Frm<wbr />Authentification<wbr />Controller</a></li></breadcrumbs><tocItems><li><a id="02ad4d85-370c-4c11-c827-d2ea2f80eb14" href="02ad4d85-370c-4c11-c827-d2ea2f80eb14.htm">Constructor</a></li><li><a id="d7e15b3f-2534-ae91-0722-a1b27de3bff3" class="has-submenu" href="d7e15b3f-2534-ae91-0722-a1b27de3bff3.htm"><span data-tocFile="../toc/IDBBCA.xml" class="icon toggle" onclick="ToggleExpandCollapse(this); return false;"><i class="fa fa-angle-right"> </i></span>Methods</a><ul class="toc-menu is-hidden"> </ul></li><li><a id="0d91109c-c1ad-df45-f103-7e98a2f5e349" class="has-submenu" href="0d91109c-c1ad-df45-f103-7e98a2f5e349.htm"><span data-tocFile="../toc/IDCBCA.xml" class="icon toggle" onclick="ToggleExpandCollapse(this); return false;"><i class="fa fa-angle-right"> </i></span>Fields</a><ul class="toc-menu is-hidden"> </ul></li></tocItems></toc>