﻿<?xml version="1.0" encoding="utf-8"?><toc><breadcrumbs><li><a href="d75eb659-6335-53f6-af7a-81814a21ab7f.htm">Docs</a></li><li><a href="d75eb659-6335-53f6-af7a-81814a21ab7f.htm">mediatec</a></li><li><a href="534d79dc-7606-1f10-aad4-5cfdfeb0c0d7.htm">mediatec.<wbr />controller</a></li><li><a href="433c766a-0e64-1ee1-92ff-84ae707b2c4b.htm">Frm<wbr />Mediatec<wbr />Controller</a></li><li><a href="de38b724-f051-e5e7-cd75-2f8bffd167a7.htm">Methods</a></li></breadcrumbs><tocItems><li><a id="8953a614-8852-23b1-1b49-ba41d139d649" href="8953a614-8852-23b1-1b49-ba41d139d649.htm">Add<wbr />Personnel</a></li><li><a id="2c8c530c-36e3-a25e-fa18-b8af5115f4ed" href="2c8c530c-36e3-a25e-fa18-b8af5115f4ed.htm">Del<wbr />Personnel</a></li><li><a id="a4d2a404-d382-ee27-c540-dd611cf9247f" href="a4d2a404-d382-ee27-c540-dd611cf9247f.htm">Get<wbr />Les<wbr />Personnel</a></li><li><a id="c83e46a6-682f-7c0f-6912-5671b14721d5" href="c83e46a6-682f-7c0f-6912-5671b14721d5.htm">Get<wbr />Les<wbr />Services</a></li><li><a id="33da2216-392a-86b2-a96c-b7b3e3984a7e" href="33da2216-392a-86b2-a96c-b7b3e3984a7e.htm">Personnel<wbr />Exist</a></li><li><a id="eaaeaee5-3a0e-4487-cdea-a7a1f901b770" href="eaaeaee5-3a0e-4487-cdea-a7a1f901b770.htm">Update<wbr />Personnel</a></li></tocItems></toc>