﻿<?xml version="1.0" encoding="utf-8"?><toc><breadcrumbs><li><a href="d75eb659-6335-53f6-af7a-81814a21ab7f.htm">Docs</a></li><li><a href="d75eb659-6335-53f6-af7a-81814a21ab7f.htm">mediatec</a></li><li><a href="9bab7a05-024b-9779-cf17-abbcbe755d26.htm">mediatec.<wbr />model</a></li><li><a href="00e09863-be5f-d5de-1422-8bef11f73def.htm">Personnel</a></li><li><a href="ee520f5f-3d0a-1c01-ee64-492df2e07017.htm">Properties</a></li></breadcrumbs><tocItems><li><a id="da3c1ce3-cd11-76a3-e206-9ac34588a0d1" href="da3c1ce3-cd11-76a3-e206-9ac34588a0d1.htm">Idpersonnel</a></li><li><a id="44118b40-6312-4fad-1126-fa7ecd9a6d62" href="44118b40-6312-4fad-1126-fa7ecd9a6d62.htm">Mail</a></li><li><a id="aba7073a-39d6-aa00-5bb8-c3430d9c2637" href="aba7073a-39d6-aa00-5bb8-c3430d9c2637.htm">Nom</a></li><li><a id="9118494c-6b89-0132-840e-8c4b47aaea56" href="9118494c-6b89-0132-840e-8c4b47aaea56.htm">Prenom</a></li><li><a id="94027d72-fb77-9ea9-0a7c-a9c4a8063fe8" href="94027d72-fb77-9ea9-0a7c-a9c4a8063fe8.htm">Service</a></li><li><a id="840c2376-86ea-8376-94d0-85147efe5a7c" href="840c2376-86ea-8376-94d0-85147efe5a7c.htm">Tel</a></li></tocItems></toc>