﻿<?xml version="1.0" encoding="utf-8"?><toc><breadcrumbs><li><a href="d75eb659-6335-53f6-af7a-81814a21ab7f.htm">Docs</a></li><li><a href="d75eb659-6335-53f6-af7a-81814a21ab7f.htm">mediatec</a></li><li><a href="7eedf0bd-4b61-92cb-2353-4afadf155b59.htm">mediatec.<wbr />dal</a></li><li><a href="f8d2cf23-f656-eb25-effc-75714f33855a.htm">Personnel<wbr />Access</a></li><li><a href="b09a6ec8-042e-cfc1-0e7a-406af90c58ea.htm">Methods</a></li></breadcrumbs><tocItems><li><a id="9144b75b-add0-d300-9f48-6591333bba37" href="9144b75b-add0-d300-9f48-6591333bba37.htm">Add<wbr />Personnel</a></li><li><a id="f29ec63d-daf9-e038-23e0-0e989816a31b" href="f29ec63d-daf9-e038-23e0-0e989816a31b.htm">Del<wbr />Personnel</a></li><li><a id="6c0128a8-a16d-a1dc-e659-14dc896f6d16" href="6c0128a8-a16d-a1dc-e659-14dc896f6d16.htm">Get<wbr />Les<wbr />Personnels</a></li><li><a id="fb3e683c-c945-e744-2b52-091b6d961b97" href="fb3e683c-c945-e744-2b52-091b6d961b97.htm">Personnel<wbr />Exist</a></li><li><a id="b896ff56-04a2-30b0-fac9-496cd861e850" href="b896ff56-04a2-30b0-fac9-496cd861e850.htm">Update<wbr />Personnel</a></li></tocItems></toc>