﻿<?xml version="1.0" encoding="utf-8"?><toc><breadcrumbs><li><a href="d75eb659-6335-53f6-af7a-81814a21ab7f.htm">Docs</a></li><li><a href="d75eb659-6335-53f6-af7a-81814a21ab7f.htm">mediatec</a></li><li><a href="9bab7a05-024b-9779-cf17-abbcbe755d26.htm">mediatec.<wbr />model</a></li><li><a href="411e45a8-db6b-7853-365f-6c52916a9bc2.htm">Responsable</a></li><li><a href="f2e98b18-5dcc-8186-909e-4c0d083747f7.htm">Properties</a></li></breadcrumbs><tocItems><li><a id="7bf5491b-688d-f154-da40-3aebdfb77a2d" href="7bf5491b-688d-f154-da40-3aebdfb77a2d.htm">login</a></li><li><a id="74f77ea4-0929-2d98-9bfb-c2a70e482fd3" href="74f77ea4-0929-2d98-9bfb-c2a70e482fd3.htm">pwd</a></li></tocItems></toc>