﻿<?xml version="1.0" encoding="utf-8"?><toc><breadcrumbs><li><a href="d75eb659-6335-53f6-af7a-81814a21ab7f.htm">Docs</a></li><li><a href="d75eb659-6335-53f6-af7a-81814a21ab7f.htm">mediatec</a></li><li><a href="7eedf0bd-4b61-92cb-2353-4afadf155b59.htm">mediatec.<wbr />dal</a></li><li><a href="6603a97d-43df-0fe7-d906-351b2d243e47.htm">Access</a></li></breadcrumbs><tocItems><li><a id="f80c7af8-7118-bae9-d8dd-5aa944ed2bde" href="f80c7af8-7118-bae9-d8dd-5aa944ed2bde.htm">Constructor</a></li><li><a id="e2bffb92-caaf-0338-6843-b2048c6488fc" href="e2bffb92-caaf-0338-6843-b2048c6488fc.htm">Constructor</a></li><li><a id="70bd2348-df2d-9e57-85fc-bbf13785715b" class="has-submenu" href="70bd2348-df2d-9e57-85fc-bbf13785715b.htm"><span data-tocFile="../toc/IDCBDA.xml" class="icon toggle" onclick="ToggleExpandCollapse(this); return false;"><i class="fa fa-angle-right"> </i></span>Properties</a><ul class="toc-menu is-hidden"> </ul></li><li><a id="daedc596-4cf4-0144-c6ca-e10791bee574" class="has-submenu" href="daedc596-4cf4-0144-c6ca-e10791bee574.htm"><span data-tocFile="../toc/IDDBDA.xml" class="icon toggle" onclick="ToggleExpandCollapse(this); return false;"><i class="fa fa-angle-right"> </i></span>Methods</a><ul class="toc-menu is-hidden"> </ul></li><li><a id="d1443a96-5455-458d-431e-f1fb3489489f" class="has-submenu" href="d1443a96-5455-458d-431e-f1fb3489489f.htm"><span data-tocFile="../toc/IDEBDA.xml" class="icon toggle" onclick="ToggleExpandCollapse(this); return false;"><i class="fa fa-angle-right"> </i></span>Fields</a><ul class="toc-menu is-hidden"> </ul></li></tocItems></toc>