﻿<?xml version="1.0" encoding="utf-8"?><toc><breadcrumbs><li><a href="d75eb659-6335-53f6-af7a-81814a21ab7f.htm">Docs</a></li><li><a href="d75eb659-6335-53f6-af7a-81814a21ab7f.htm">mediatec</a></li><li><a href="9bab7a05-024b-9779-cf17-abbcbe755d26.htm">mediatec.<wbr />model</a></li><li><a href="2289e41b-e160-ec5a-a327-95515b79dd67.htm">Motif</a></li></breadcrumbs><tocItems><li><a id="07f4c06e-73f0-4dae-a201-b19f219d8bd3" href="07f4c06e-73f0-4dae-a201-b19f219d8bd3.htm">Constructor</a></li><li><a id="fe4815d2-5e73-b7b6-bb55-96d6bac72d19" class="has-submenu" href="fe4815d2-5e73-b7b6-bb55-96d6bac72d19.htm"><span data-tocFile="../toc/IDBBEA.xml" class="icon toggle" onclick="ToggleExpandCollapse(this); return false;"><i class="fa fa-angle-right"> </i></span>Properties</a><ul class="toc-menu is-hidden"> </ul></li><li><a id="0eb48060-382b-a6fb-adb3-1507db9af7a9" class="has-submenu" href="0eb48060-382b-a6fb-adb3-1507db9af7a9.htm"><span data-tocFile="../toc/IDCBEA.xml" class="icon toggle" onclick="ToggleExpandCollapse(this); return false;"><i class="fa fa-angle-right"> </i></span>Methods</a><ul class="toc-menu is-hidden"> </ul></li></tocItems></toc>