﻿<?xml version="1.0" encoding="utf-8"?><toc><breadcrumbs><li><a href="d75eb659-6335-53f6-af7a-81814a21ab7f.htm">Docs</a></li><li><a href="d75eb659-6335-53f6-af7a-81814a21ab7f.htm">mediatec</a></li><li><a href="9bab7a05-024b-9779-cf17-abbcbe755d26.htm">mediatec.<wbr />model</a></li><li><a href="6114f1e6-9d70-7ce7-f36f-c86960454a31.htm">Service</a></li><li><a href="519e7dec-2195-9bc2-7183-7d667a1e9926.htm">Properties</a></li></breadcrumbs><tocItems><li><a id="dcb6c89e-a0b3-e242-2a5d-2e18993285e3" href="dcb6c89e-a0b3-e242-2a5d-2e18993285e3.htm">Idservice</a></li><li><a id="c49dddf8-2677-f961-1b40-647822bead02" href="c49dddf8-2677-f961-1b40-647822bead02.htm">Nom</a></li></tocItems></toc>