﻿<?xml version="1.0" encoding="utf-8"?><toc><breadcrumbs><li><a href="d75eb659-6335-53f6-af7a-81814a21ab7f.htm">Docs</a></li><li><a href="d75eb659-6335-53f6-af7a-81814a21ab7f.htm">mediatec</a></li><li><a href="7eedf0bd-4b61-92cb-2353-4afadf155b59.htm">mediatec.<wbr />dal</a></li><li><a href="e4cf54ac-12cb-3ba3-8e28-907b83ba8803.htm">Responsable<wbr />Access</a></li><li><a href="31988c43-0d82-6845-929d-6f9c625f91ff.htm">Methods</a></li></breadcrumbs><tocItems><li><a id="10413132-3904-ac39-5a8d-ddc1633224d6" href="10413132-3904-ac39-5a8d-ddc1633224d6.htm">Controle<wbr />Authentification</a></li></tocItems></toc>