﻿<?xml version="1.0" encoding="utf-8"?><toc><breadcrumbs><li><a href="d75eb659-6335-53f6-af7a-81814a21ab7f.htm">Docs</a></li><li><a href="d75eb659-6335-53f6-af7a-81814a21ab7f.htm">mediatec</a></li><li><a href="7eedf0bd-4b61-92cb-2353-4afadf155b59.htm">mediatec.<wbr />dal</a></li><li><a href="7ec4b33f-e404-804a-2c6a-895fc2e932a8.htm">Service<wbr />Access</a></li><li><a href="dd88b967-6301-bd5f-9a9a-cfe25e97fcdf.htm">Methods</a></li></breadcrumbs><tocItems><li><a id="c07b4b3c-a6fd-dbfd-6926-19bcce5fe899" href="c07b4b3c-a6fd-dbfd-6926-19bcce5fe899.htm">Get<wbr />Service</a></li></tocItems></toc>