﻿<?xml version="1.0" encoding="utf-8"?><toc><breadcrumbs><li><a href="d75eb659-6335-53f6-af7a-81814a21ab7f.htm">Docs</a></li><li><a href="d75eb659-6335-53f6-af7a-81814a21ab7f.htm">mediatec</a></li><li><a href="d0832a53-deb3-91d2-2087-a27e64636ae7.htm">mediatec.<wbr />view</a></li><li><a href="d771c97e-1cba-19f1-52ff-40548a4f8a10.htm">Frm<wbr />Authentification</a></li></breadcrumbs><tocItems><li><a id="658a2680-802d-7fe3-ab5f-d81f7b154b04" href="658a2680-802d-7fe3-ab5f-d81f7b154b04.htm">Constructor</a></li><li><a id="6e03dab3-3e6e-231f-1fc6-307a1149038b" href="6e03dab3-3e6e-231f-1fc6-307a1149038b.htm">Properties</a></li><li><a id="85acf3db-5d5c-764d-84ec-5587c4be8adb" class="has-submenu" href="85acf3db-5d5c-764d-84ec-5587c4be8adb.htm"><span data-tocFile="../toc/IDCBFA.xml" class="icon toggle" onclick="ToggleExpandCollapse(this); return false;"><i class="fa fa-angle-right"> </i></span>Methods</a><ul class="toc-menu is-hidden"> </ul></li><li><a id="9315cf42-9086-981f-9277-6b4cd9375be5" href="9315cf42-9086-981f-9277-6b4cd9375be5.htm">Events</a></li><li><a id="3f922024-a0e6-d1f2-6055-602ddbbd589d" class="has-submenu" href="3f922024-a0e6-d1f2-6055-602ddbbd589d.htm"><span data-tocFile="../toc/IDEBFA.xml" class="icon toggle" onclick="ToggleExpandCollapse(this); return false;"><i class="fa fa-angle-right"> </i></span>Fields</a><ul class="toc-menu is-hidden"> </ul></li></tocItems></toc>