﻿<?xml version="1.0" encoding="utf-8"?><toc><breadcrumbs><li><a href="d75eb659-6335-53f6-af7a-81814a21ab7f.htm">Docs</a></li><li><a href="d75eb659-6335-53f6-af7a-81814a21ab7f.htm">mediatec</a></li><li><a href="d0832a53-deb3-91d2-2087-a27e64636ae7.htm">mediatec.<wbr />view</a></li><li><a href="cf21739d-d705-1062-e4d5-81da8f872c34.htm">Frm<wbr />Absences</a></li><li><a href="cb458cac-f7b4-e33e-470c-cd1fe631cf64.htm">Methods</a></li></breadcrumbs><tocItems><li><a id="87225ada-1c50-1b8b-cfe9-44ce9642890e" href="87225ada-1c50-1b8b-cfe9-44ce9642890e.htm">btn<wbr />Annul<wbr />Absence_<wbr />Click</a></li><li><a id="1d1ef1bf-4894-f7d6-683e-164c820c988d" href="1d1ef1bf-4894-f7d6-683e-164c820c988d.htm">btn<wbr />Enreg<wbr />Absence_<wbr />Click</a></li><li><a id="6f3c3b6d-c410-b53d-7019-a41e6baffbb9" href="6f3c3b6d-c410-b53d-7019-a41e6baffbb9.htm">btn<wbr />Modifi<wbr />Absence_<wbr />Click</a></li><li><a id="7cc536d1-a081-93ed-6f9e-d073d7a31ef5" href="7cc536d1-a081-93ed-6f9e-d073d7a31ef5.htm">btn<wbr />Supprim<wbr />Absence_<wbr />Click</a></li><li><a id="92ff8dc2-af4d-41f0-31f4-e0faf191b532" class="has-submenu" href="92ff8dc2-af4d-41f0-31f4-e0faf191b532.htm"><span data-tocFile="../toc/IDECAFA.xml" class="icon toggle" onclick="ToggleExpandCollapse(this); return false;"><i class="fa fa-angle-right"> </i></span>Dispose</a><ul class="toc-menu is-hidden"> </ul></li><li><a id="8654a6b6-290f-c476-aee1-11c60f72eb64" href="8654a6b6-290f-c476-aee1-11c60f72eb64.htm">En<wbr />Course<wbr />Modif<wbr />Absence</a></li><li><a id="3f1f562e-44ae-8085-037b-d22877c4fe90" href="3f1f562e-44ae-8085-037b-d22877c4fe90.htm">Init</a></li><li><a id="62394717-bc16-a8af-3df8-6490c100b43b" href="62394717-bc16-a8af-3df8-6490c100b43b.htm">Initialize<wbr />Component</a></li><li><a id="e6bba55a-865f-a1d9-9340-b2d312fb8b95" href="e6bba55a-865f-a1d9-9340-b2d312fb8b95.htm">Remplir<wbr />Liste<wbr />Absence</a></li><li><a id="c9c789db-01f1-3a2b-6ac1-f504b33931d6" href="c9c789db-01f1-3a2b-6ac1-f504b33931d6.htm">Remplir<wbr />Liste<wbr />Motif</a></li></tocItems></toc>