﻿<?xml version="1.0" encoding="utf-8"?><toc><breadcrumbs><li><a href="d75eb659-6335-53f6-af7a-81814a21ab7f.htm">Docs</a></li><li><a href="d75eb659-6335-53f6-af7a-81814a21ab7f.htm">mediatec</a></li><li><a href="534d79dc-7606-1f10-aad4-5cfdfeb0c0d7.htm">mediatec.<wbr />controller</a></li><li><a href="bce62de7-6c55-67b8-e302-f14aa6eb90b7.htm">Frm<wbr />Absence<wbr />Controller</a></li><li><a href="bda00ec8-4f82-7216-be4d-40c83e386a84.htm">Fields</a></li></breadcrumbs><tocItems><li><a id="57194b90-f094-c788-7e82-8673feac9ac7" href="57194b90-f094-c788-7e82-8673feac9ac7.htm">absence<wbr />Access</a></li><li><a id="b84670fe-535a-41e2-4564-751d408563a5" href="b84670fe-535a-41e2-4564-751d408563a5.htm">motif<wbr />Access</a></li></tocItems></toc>