﻿<?xml version="1.0" encoding="utf-8"?><toc><breadcrumbs><li><a href="d75eb659-6335-53f6-af7a-81814a21ab7f.htm">Docs</a></li><li><a href="d75eb659-6335-53f6-af7a-81814a21ab7f.htm">mediatec</a></li><li><a href="7eedf0bd-4b61-92cb-2353-4afadf155b59.htm">mediatec.<wbr />dal</a></li><li><a href="9693a634-f757-bb68-a390-b622402b04cd.htm">Absence<wbr />Access</a></li><li><a href="92df9aee-4878-dd58-4525-851413ac6ff9.htm">Fields</a></li></breadcrumbs><tocItems><li><a id="9c30ec19-ff9f-8b3d-0d95-61d5bcdbff66" href="9c30ec19-ff9f-8b3d-0d95-61d5bcdbff66.htm">access</a></li></tocItems></toc>