﻿<?xml version="1.0" encoding="utf-8"?><toc><breadcrumbs><li><a href="d75eb659-6335-53f6-af7a-81814a21ab7f.htm">Docs</a></li><li><a href="d75eb659-6335-53f6-af7a-81814a21ab7f.htm">mediatec</a></li><li><a href="534d79dc-7606-1f10-aad4-5cfdfeb0c0d7.htm">mediatec.<wbr />controller</a></li></breadcrumbs><tocItems><li><a id="bce62de7-6c55-67b8-e302-f14aa6eb90b7" class="has-submenu" href="bce62de7-6c55-67b8-e302-f14aa6eb90b7.htm"><span data-tocFile="../toc/IDACA.xml" class="icon toggle" onclick="ToggleExpandCollapse(this); return false;"><i class="fa fa-angle-right"> </i></span>Frm<wbr />Absence<wbr />Controller</a><ul class="toc-menu is-hidden"> </ul></li><li><a id="68d542e5-f35e-3ef6-0312-9949a218e8fb" class="has-submenu" href="68d542e5-f35e-3ef6-0312-9949a218e8fb.htm"><span data-tocFile="../toc/IDBCA.xml" class="icon toggle" onclick="ToggleExpandCollapse(this); return false;"><i class="fa fa-angle-right"> </i></span>Frm<wbr />Authentification<wbr />Controller</a><ul class="toc-menu is-hidden"> </ul></li><li><a id="433c766a-0e64-1ee1-92ff-84ae707b2c4b" class="has-submenu" href="433c766a-0e64-1ee1-92ff-84ae707b2c4b.htm"><span data-tocFile="../toc/IDCCA.xml" class="icon toggle" onclick="ToggleExpandCollapse(this); return false;"><i class="fa fa-angle-right"> </i></span>Frm<wbr />Mediatec<wbr />Controller</a><ul class="toc-menu is-hidden"> </ul></li></tocItems></toc>