﻿<?xml version="1.0" encoding="utf-8"?><toc><breadcrumbs><li><a href="d75eb659-6335-53f6-af7a-81814a21ab7f.htm">Docs</a></li><li><a href="d75eb659-6335-53f6-af7a-81814a21ab7f.htm">mediatec</a></li><li><a href="eb5c0ffa-a992-2d02-53a4-45e4d9fc3211.htm">mediatec.<wbr />bddmanager</a></li><li><a href="035822ad-59f6-ba64-5fe3-16653cbfad7c.htm">Bdd<wbr />Manager</a></li><li><a href="83c24893-49d3-5c84-d47d-ccb540530a2e.htm">Fields</a></li></breadcrumbs><tocItems><li><a id="79d2d9ce-fddd-8aab-4848-7ccbf367e446" href="79d2d9ce-fddd-8aab-4848-7ccbf367e446.htm">connection</a></li><li><a id="a3cbc06f-bc8b-73c5-1388-48bdc7fdc649" href="a3cbc06f-bc8b-73c5-1388-48bdc7fdc649.htm">instance</a></li></tocItems></toc>