﻿<?xml version="1.0" encoding="utf-8"?><toc><breadcrumbs><li><a href="d75eb659-6335-53f6-af7a-81814a21ab7f.htm">Docs</a></li><li><a href="d75eb659-6335-53f6-af7a-81814a21ab7f.htm">mediatec</a></li><li><a href="9bab7a05-024b-9779-cf17-abbcbe755d26.htm">mediatec.<wbr />model</a></li><li><a href="2289e41b-e160-ec5a-a327-95515b79dd67.htm">Motif</a></li><li><a href="0eb48060-382b-a6fb-adb3-1507db9af7a9.htm">Methods</a></li></breadcrumbs><tocItems><li><a id="66a778dc-de46-9604-24da-a40a97134ae1" href="66a778dc-de46-9604-24da-a40a97134ae1.htm">To<wbr />String</a></li></tocItems></toc>