﻿<?xml version="1.0" encoding="utf-8"?><toc><breadcrumbs><li><a href="d75eb659-6335-53f6-af7a-81814a21ab7f.htm">Docs</a></li><li><a href="d75eb659-6335-53f6-af7a-81814a21ab7f.htm">mediatec</a></li><li><a href="d0832a53-deb3-91d2-2087-a27e64636ae7.htm">mediatec.<wbr />view</a></li><li><a href="d771c97e-1cba-19f1-52ff-40548a4f8a10.htm">Frm<wbr />Authentification</a></li><li><a href="85acf3db-5d5c-764d-84ec-5587c4be8adb.htm">Methods</a></li></breadcrumbs><tocItems><li><a id="d24f57cb-3423-5892-fcb7-11c21caecba6" href="d24f57cb-3423-5892-fcb7-11c21caecba6.htm">btn<wbr />Se<wbr />Connect_<wbr />Click</a></li><li><a id="4fee12aa-5d0c-ef1e-b5a6-dfc5ee73d9f6" class="has-submenu" href="4fee12aa-5d0c-ef1e-b5a6-dfc5ee73d9f6.htm"><span data-tocFile="../toc/IDBCBFA.xml" class="icon toggle" onclick="ToggleExpandCollapse(this); return false;"><i class="fa fa-angle-right"> </i></span>Dispose</a><ul class="toc-menu is-hidden"> </ul></li><li><a id="133814fa-190a-7ec8-2451-2309a30d803f" href="133814fa-190a-7ec8-2451-2309a30d803f.htm">Init</a></li><li><a id="a26d80b4-4884-db99-2b0f-788e734bb101" href="a26d80b4-4884-db99-2b0f-788e734bb101.htm">Initialize<wbr />Component</a></li></tocItems></toc>