﻿<?xml version="1.0" encoding="utf-8"?><toc><breadcrumbs><li><a href="d75eb659-6335-53f6-af7a-81814a21ab7f.htm">Docs</a></li><li><a href="d75eb659-6335-53f6-af7a-81814a21ab7f.htm">mediatec</a></li><li><a href="7eedf0bd-4b61-92cb-2353-4afadf155b59.htm">mediatec.<wbr />dal</a></li><li><a href="6603a97d-43df-0fe7-d906-351b2d243e47.htm">Access</a></li><li><a href="70bd2348-df2d-9e57-85fc-bbf13785715b.htm">Properties</a></li></breadcrumbs><tocItems><li><a id="7aaef055-0006-dd05-c5c5-f260effacf2e" href="7aaef055-0006-dd05-c5c5-f260effacf2e.htm">Manager</a></li></tocItems></toc>