﻿<?xml version="1.0" encoding="utf-8"?><toc><breadcrumbs><li><a href="d75eb659-6335-53f6-af7a-81814a21ab7f.htm">Docs</a></li><li><a href="d75eb659-6335-53f6-af7a-81814a21ab7f.htm">mediatec</a></li><li><a href="534d79dc-7606-1f10-aad4-5cfdfeb0c0d7.htm">mediatec.<wbr />controller</a></li><li><a href="68d542e5-f35e-3ef6-0312-9949a218e8fb.htm">Frm<wbr />Authentification<wbr />Controller</a></li><li><a href="0d91109c-c1ad-df45-f103-7e98a2f5e349.htm">Fields</a></li></breadcrumbs><tocItems><li><a id="a66db74f-7093-b375-71d4-5a097174f069" href="a66db74f-7093-b375-71d4-5a097174f069.htm">responsable<wbr />Access</a></li></tocItems></toc>