﻿<?xml version="1.0" encoding="utf-8"?><toc><breadcrumbs><li><a href="d75eb659-6335-53f6-af7a-81814a21ab7f.htm">Docs</a></li><li><a href="d75eb659-6335-53f6-af7a-81814a21ab7f.htm">mediatec</a></li><li><a href="7eedf0bd-4b61-92cb-2353-4afadf155b59.htm">mediatec.<wbr />dal</a></li><li><a href="57849d7a-ed62-09fe-5442-5b9efacf60f1.htm">Motif<wbr />Access</a></li><li><a href="7c9c440c-4a86-cacd-ce96-a54c9c714688.htm">Fields</a></li></breadcrumbs><tocItems><li><a id="d59fd1ab-2d06-ed85-5ae1-d60ddb6ba4de" href="d59fd1ab-2d06-ed85-5ae1-d60ddb6ba4de.htm">access</a></li></tocItems></toc>