﻿<?xml version="1.0" encoding="utf-8"?><toc><breadcrumbs><li><a href="d75eb659-6335-53f6-af7a-81814a21ab7f.htm">Docs</a></li><li><a href="d75eb659-6335-53f6-af7a-81814a21ab7f.htm">mediatec</a></li><li><a href="d0832a53-deb3-91d2-2087-a27e64636ae7.htm">mediatec.<wbr />view</a></li><li><a href="dff5f6b0-f740-1c4d-5b7d-c98ae351e1d1.htm">Frm<wbr />Media<wbr />Tec</a></li><li><a href="d1b35ce9-f269-b763-7e87-a7c693cdd75a.htm">Methods</a></li></breadcrumbs><tocItems><li><a id="b843390e-7bdd-7467-ad8e-caf1a2bbce0d" href="b843390e-7bdd-7467-ad8e-caf1a2bbce0d.htm">btn<wbr />Absence_<wbr />Click</a></li><li><a id="e52b0df2-24c6-d84a-0e5f-00732edf947f" href="e52b0df2-24c6-d84a-0e5f-00732edf947f.htm">btn<wbr />Annul<wbr />Per_<wbr />Click</a></li><li><a id="b5a3665c-8de0-25d2-0bbd-47d8f35fec09" href="b5a3665c-8de0-25d2-0bbd-47d8f35fec09.htm">btn<wbr />Enreg<wbr />Per_<wbr />Click</a></li><li><a id="a563fbcb-cd78-4226-99ae-6d7623e82a84" href="a563fbcb-cd78-4226-99ae-6d7623e82a84.htm">btn<wbr />Modifi<wbr />Personnel_<wbr />Click</a></li><li><a id="d93b0629-b959-13a8-08e6-cea6cec2de51" href="d93b0629-b959-13a8-08e6-cea6cec2de51.htm">btn<wbr />Suppr<wbr />Personnel_<wbr />Click</a></li><li><a id="459bb9ce-0b73-6137-5ffe-e7b7fd01f807" class="has-submenu" href="459bb9ce-0b73-6137-5ffe-e7b7fd01f807.htm"><span data-tocFile="../toc/IDFCCFA.xml" class="icon toggle" onclick="ToggleExpandCollapse(this); return false;"><i class="fa fa-angle-right"> </i></span>Dispose</a><ul class="toc-menu is-hidden"> </ul></li><li><a id="f02e6a62-d16e-883c-6300-b45c33d39924" href="f02e6a62-d16e-883c-6300-b45c33d39924.htm">En<wbr />Course<wbr />Modif<wbr />Personnel</a></li><li><a id="926d3d6c-68f3-0f89-052c-1dd97c31e1d4" href="926d3d6c-68f3-0f89-052c-1dd97c31e1d4.htm">Init</a></li><li><a id="e13c3461-dbc9-ecef-d814-26fff3c91ca4" href="e13c3461-dbc9-ecef-d814-26fff3c91ca4.htm">Initialize<wbr />Component</a></li><li><a id="58e80d55-99b5-a8be-7bdd-4543d4099029" href="58e80d55-99b5-a8be-7bdd-4543d4099029.htm">Remplir<wbr />Liste<wbr />Personnel</a></li><li><a id="d5b82ae4-73f0-4f65-acaa-4df691c7d0ec" href="d5b82ae4-73f0-4f65-acaa-4df691c7d0ec.htm">Remplir<wbr />Liste<wbr />Service</a></li></tocItems></toc>