﻿<?xml version="1.0" encoding="utf-8"?><toc><breadcrumbs><li><a href="d75eb659-6335-53f6-af7a-81814a21ab7f.htm">Docs</a></li><li><a href="d75eb659-6335-53f6-af7a-81814a21ab7f.htm">mediatec</a></li><li><a href="534d79dc-7606-1f10-aad4-5cfdfeb0c0d7.htm">mediatec.<wbr />controller</a></li><li><a href="433c766a-0e64-1ee1-92ff-84ae707b2c4b.htm">Frm<wbr />Mediatec<wbr />Controller</a></li><li><a href="e900b6e5-223d-5788-f4a2-1d0a6f965964.htm">Fields</a></li></breadcrumbs><tocItems><li><a id="9db4798e-96f8-b696-b0a6-f6627a314d6a" href="9db4798e-96f8-b696-b0a6-f6627a314d6a.htm">personnel<wbr />Access</a></li><li><a id="a98405ac-cca0-1208-fb48-a42fefd376ee" href="a98405ac-cca0-1208-fb48-a42fefd376ee.htm">service<wbr />Access</a></li></tocItems></toc>