﻿<?xml version="1.0" encoding="utf-8"?><toc><breadcrumbs><li><a href="d75eb659-6335-53f6-af7a-81814a21ab7f.htm">Docs</a></li><li><a href="d75eb659-6335-53f6-af7a-81814a21ab7f.htm">mediatec</a></li><li><a href="534d79dc-7606-1f10-aad4-5cfdfeb0c0d7.htm">mediatec.<wbr />controller</a></li><li><a href="433c766a-0e64-1ee1-92ff-84ae707b2c4b.htm">Frm<wbr />Mediatec<wbr />Controller</a></li></breadcrumbs><tocItems><li><a id="09f10485-459f-6081-31ae-4d65ee0e1e64" href="09f10485-459f-6081-31ae-4d65ee0e1e64.htm">Constructor</a></li><li><a id="de38b724-f051-e5e7-cd75-2f8bffd167a7" class="has-submenu" href="de38b724-f051-e5e7-cd75-2f8bffd167a7.htm"><span data-tocFile="../toc/IDBCCA.xml" class="icon toggle" onclick="ToggleExpandCollapse(this); return false;"><i class="fa fa-angle-right"> </i></span>Methods</a><ul class="toc-menu is-hidden"> </ul></li><li><a id="e900b6e5-223d-5788-f4a2-1d0a6f965964" class="has-submenu" href="e900b6e5-223d-5788-f4a2-1d0a6f965964.htm"><span data-tocFile="../toc/IDCCCA.xml" class="icon toggle" onclick="ToggleExpandCollapse(this); return false;"><i class="fa fa-angle-right"> </i></span>Fields</a><ul class="toc-menu is-hidden"> </ul></li></tocItems></toc>