﻿<?xml version="1.0" encoding="utf-8"?><toc><breadcrumbs><li><a href="d75eb659-6335-53f6-af7a-81814a21ab7f.htm">Docs</a></li><li><a href="d75eb659-6335-53f6-af7a-81814a21ab7f.htm">mediatec</a></li><li><a href="7eedf0bd-4b61-92cb-2353-4afadf155b59.htm">mediatec.<wbr />dal</a></li><li><a href="f8d2cf23-f656-eb25-effc-75714f33855a.htm">Personnel<wbr />Access</a></li><li><a href="2da29bf7-becf-7371-5e41-2d549059df1c.htm">Fields</a></li></breadcrumbs><tocItems><li><a id="c4408410-eb63-f9fe-7c93-b14f7d4fea92" href="c4408410-eb63-f9fe-7c93-b14f7d4fea92.htm">access</a></li></tocItems></toc>