﻿<?xml version="1.0" encoding="utf-8"?><toc><breadcrumbs><li><a href="d75eb659-6335-53f6-af7a-81814a21ab7f.htm">Docs</a></li><li><a href="d75eb659-6335-53f6-af7a-81814a21ab7f.htm">mediatec</a></li><li><a href="7eedf0bd-4b61-92cb-2353-4afadf155b59.htm">mediatec.<wbr />dal</a></li><li><a href="57849d7a-ed62-09fe-5442-5b9efacf60f1.htm">Motif<wbr />Access</a></li></breadcrumbs><tocItems><li><a id="159f566f-8c4d-05bc-af59-d17f77b31358" href="159f566f-8c4d-05bc-af59-d17f77b31358.htm">Constructor</a></li><li><a id="7fa6e122-a7b8-3bdf-bf05-61612d032850" class="has-submenu" href="7fa6e122-a7b8-3bdf-bf05-61612d032850.htm"><span data-tocFile="../toc/IDBCDA.xml" class="icon toggle" onclick="ToggleExpandCollapse(this); return false;"><i class="fa fa-angle-right"> </i></span>Methods</a><ul class="toc-menu is-hidden"> </ul></li><li><a id="7c9c440c-4a86-cacd-ce96-a54c9c714688" class="has-submenu" href="7c9c440c-4a86-cacd-ce96-a54c9c714688.htm"><span data-tocFile="../toc/IDCCDA.xml" class="icon toggle" onclick="ToggleExpandCollapse(this); return false;"><i class="fa fa-angle-right"> </i></span>Fields</a><ul class="toc-menu is-hidden"> </ul></li></tocItems></toc>