﻿<?xml version="1.0" encoding="utf-8"?><toc><breadcrumbs><li><a href="d75eb659-6335-53f6-af7a-81814a21ab7f.htm">Docs</a></li><li><a href="d75eb659-6335-53f6-af7a-81814a21ab7f.htm">mediatec</a></li><li><a href="9bab7a05-024b-9779-cf17-abbcbe755d26.htm">mediatec.<wbr />model</a></li><li><a href="6114f1e6-9d70-7ce7-f36f-c86960454a31.htm">Service</a></li><li><a href="65df2e46-0049-9106-46a0-0edb0d0c562b.htm">Methods</a></li></breadcrumbs><tocItems><li><a id="4e8a48f9-1e7b-abe4-84d8-65519ba07871" href="4e8a48f9-1e7b-abe4-84d8-65519ba07871.htm">To<wbr />String</a></li></tocItems></toc>