﻿<?xml version="1.0" encoding="utf-8"?><toc><breadcrumbs><li><a href="d75eb659-6335-53f6-af7a-81814a21ab7f.htm">Docs</a></li><li><a href="d75eb659-6335-53f6-af7a-81814a21ab7f.htm">mediatec</a></li><li><a href="9bab7a05-024b-9779-cf17-abbcbe755d26.htm">mediatec.<wbr />model</a></li><li><a href="00e09863-be5f-d5de-1422-8bef11f73def.htm">Personnel</a></li></breadcrumbs><tocItems><li><a id="0cef448f-aba9-084d-f781-7d97045dcd00" href="0cef448f-aba9-084d-f781-7d97045dcd00.htm">Constructor</a></li><li><a id="ee520f5f-3d0a-1c01-ee64-492df2e07017" class="has-submenu" href="ee520f5f-3d0a-1c01-ee64-492df2e07017.htm"><span data-tocFile="../toc/IDBCEA.xml" class="icon toggle" onclick="ToggleExpandCollapse(this); return false;"><i class="fa fa-angle-right"> </i></span>Properties</a><ul class="toc-menu is-hidden"> </ul></li><li><a id="e3355502-1af6-a494-5c38-c59e684c39df" href="e3355502-1af6-a494-5c38-c59e684c39df.htm">Methods</a></li></tocItems></toc>