﻿<?xml version="1.0" encoding="utf-8"?><toc><breadcrumbs><li><a href="d75eb659-6335-53f6-af7a-81814a21ab7f.htm">Docs</a></li><li><a href="d75eb659-6335-53f6-af7a-81814a21ab7f.htm">mediatec</a></li><li><a href="7eedf0bd-4b61-92cb-2353-4afadf155b59.htm">mediatec.<wbr />dal</a></li><li><a href="e4cf54ac-12cb-3ba3-8e28-907b83ba8803.htm">Responsable<wbr />Access</a></li><li><a href="20b84bbe-a9c2-ef13-40ff-471e5fb91290.htm">Fields</a></li></breadcrumbs><tocItems><li><a id="6df8a258-97f8-93a6-b064-61068b7f8042" href="6df8a258-97f8-93a6-b064-61068b7f8042.htm">access</a></li></tocItems></toc>