﻿<?xml version="1.0" encoding="utf-8"?><toc><breadcrumbs><li><a href="d75eb659-6335-53f6-af7a-81814a21ab7f.htm">Docs</a></li><li><a href="d75eb659-6335-53f6-af7a-81814a21ab7f.htm">mediatec</a></li><li><a href="d0832a53-deb3-91d2-2087-a27e64636ae7.htm">mediatec.<wbr />view</a></li><li><a href="dff5f6b0-f740-1c4d-5b7d-c98ae351e1d1.htm">Frm<wbr />Media<wbr />Tec</a></li></breadcrumbs><tocItems><li><a id="4dc44bbe-d9b9-d532-a0e1-0a174db24cf0" href="4dc44bbe-d9b9-d532-a0e1-0a174db24cf0.htm">Constructor</a></li><li><a id="0668deb6-76c5-28ef-6043-2bae791408fe" href="0668deb6-76c5-28ef-6043-2bae791408fe.htm">Properties</a></li><li><a id="d1b35ce9-f269-b763-7e87-a7c693cdd75a" class="has-submenu" href="d1b35ce9-f269-b763-7e87-a7c693cdd75a.htm"><span data-tocFile="../toc/IDCCFA.xml" class="icon toggle" onclick="ToggleExpandCollapse(this); return false;"><i class="fa fa-angle-right"> </i></span>Methods</a><ul class="toc-menu is-hidden"> </ul></li><li><a id="d3599c36-1364-7a42-db86-18f86847d4bf" href="d3599c36-1364-7a42-db86-18f86847d4bf.htm">Events</a></li><li><a id="f3a9a79b-99db-3ea6-e2a3-a14954149388" class="has-submenu" href="f3a9a79b-99db-3ea6-e2a3-a14954149388.htm"><span data-tocFile="../toc/IDECFA.xml" class="icon toggle" onclick="ToggleExpandCollapse(this); return false;"><i class="fa fa-angle-right"> </i></span>Fields</a><ul class="toc-menu is-hidden"> </ul></li></tocItems></toc>