﻿<?xml version="1.0" encoding="utf-8"?><toc><breadcrumbs><li><a href="d75eb659-6335-53f6-af7a-81814a21ab7f.htm">Docs</a></li><li><a href="d75eb659-6335-53f6-af7a-81814a21ab7f.htm">mediatec</a></li><li><a href="7eedf0bd-4b61-92cb-2353-4afadf155b59.htm">mediatec.<wbr />dal</a></li><li><a href="7ec4b33f-e404-804a-2c6a-895fc2e932a8.htm">Service<wbr />Access</a></li><li><a href="275fe320-611d-a3e6-c404-82a29a25b61b.htm">Fields</a></li></breadcrumbs><tocItems><li><a id="179d8ebf-205b-4354-af7e-9d2ad9b19dbb" href="179d8ebf-205b-4354-af7e-9d2ad9b19dbb.htm">access</a></li></tocItems></toc>