﻿<?xml version="1.0" encoding="utf-8"?><toc><breadcrumbs><li><a href="d75eb659-6335-53f6-af7a-81814a21ab7f.htm">Docs</a></li><li><a href="d75eb659-6335-53f6-af7a-81814a21ab7f.htm">mediatec</a></li><li><a href="7eedf0bd-4b61-92cb-2353-4afadf155b59.htm">mediatec.<wbr />dal</a></li></breadcrumbs><tocItems><li><a id="9693a634-f757-bb68-a390-b622402b04cd" class="has-submenu" href="9693a634-f757-bb68-a390-b622402b04cd.htm"><span data-tocFile="../toc/IDADA.xml" class="icon toggle" onclick="ToggleExpandCollapse(this); return false;"><i class="fa fa-angle-right"> </i></span>Absence<wbr />Access</a><ul class="toc-menu is-hidden"> </ul></li><li><a id="6603a97d-43df-0fe7-d906-351b2d243e47" class="has-submenu" href="6603a97d-43df-0fe7-d906-351b2d243e47.htm"><span data-tocFile="../toc/IDBDA.xml" class="icon toggle" onclick="ToggleExpandCollapse(this); return false;"><i class="fa fa-angle-right"> </i></span>Access</a><ul class="toc-menu is-hidden"> </ul></li><li><a id="57849d7a-ed62-09fe-5442-5b9efacf60f1" class="has-submenu" href="57849d7a-ed62-09fe-5442-5b9efacf60f1.htm"><span data-tocFile="../toc/IDCDA.xml" class="icon toggle" onclick="ToggleExpandCollapse(this); return false;"><i class="fa fa-angle-right"> </i></span>Motif<wbr />Access</a><ul class="toc-menu is-hidden"> </ul></li><li><a id="f8d2cf23-f656-eb25-effc-75714f33855a" class="has-submenu" href="f8d2cf23-f656-eb25-effc-75714f33855a.htm"><span data-tocFile="../toc/IDDDA.xml" class="icon toggle" onclick="ToggleExpandCollapse(this); return false;"><i class="fa fa-angle-right"> </i></span>Personnel<wbr />Access</a><ul class="toc-menu is-hidden"> </ul></li><li><a id="e4cf54ac-12cb-3ba3-8e28-907b83ba8803" class="has-submenu" href="e4cf54ac-12cb-3ba3-8e28-907b83ba8803.htm"><span data-tocFile="../toc/IDEDA.xml" class="icon toggle" onclick="ToggleExpandCollapse(this); return false;"><i class="fa fa-angle-right"> </i></span>Responsable<wbr />Access</a><ul class="toc-menu is-hidden"> </ul></li><li><a id="7ec4b33f-e404-804a-2c6a-895fc2e932a8" class="has-submenu" href="7ec4b33f-e404-804a-2c6a-895fc2e932a8.htm"><span data-tocFile="../toc/IDFDA.xml" class="icon toggle" onclick="ToggleExpandCollapse(this); return false;"><i class="fa fa-angle-right"> </i></span>Service<wbr />Access</a><ul class="toc-menu is-hidden"> </ul></li></tocItems></toc>