﻿<?xml version="1.0" encoding="utf-8"?><toc><breadcrumbs><li><a href="d75eb659-6335-53f6-af7a-81814a21ab7f.htm">Docs</a></li><li><a href="d75eb659-6335-53f6-af7a-81814a21ab7f.htm">mediatec</a></li><li><a href="7eedf0bd-4b61-92cb-2353-4afadf155b59.htm">mediatec.<wbr />dal</a></li><li><a href="6603a97d-43df-0fe7-d906-351b2d243e47.htm">Access</a></li><li><a href="daedc596-4cf4-0144-c6ca-e10791bee574.htm">Methods</a></li></breadcrumbs><tocItems><li><a id="60300104-b50c-d7aa-c0e5-5d5e930eafc1" href="60300104-b50c-d7aa-c0e5-5d5e930eafc1.htm">Get<wbr />Instance</a></li></tocItems></toc>