﻿<?xml version="1.0" encoding="utf-8"?><toc><breadcrumbs><li><a href="d75eb659-6335-53f6-af7a-81814a21ab7f.htm">Docs</a></li><li><a href="d75eb659-6335-53f6-af7a-81814a21ab7f.htm">mediatec</a></li><li><a href="7eedf0bd-4b61-92cb-2353-4afadf155b59.htm">mediatec.<wbr />dal</a></li><li><a href="f8d2cf23-f656-eb25-effc-75714f33855a.htm">Personnel<wbr />Access</a></li></breadcrumbs><tocItems><li><a id="76e062a3-f6b3-4561-beae-e25af3367e48" href="76e062a3-f6b3-4561-beae-e25af3367e48.htm">Constructor</a></li><li><a id="b09a6ec8-042e-cfc1-0e7a-406af90c58ea" class="has-submenu" href="b09a6ec8-042e-cfc1-0e7a-406af90c58ea.htm"><span data-tocFile="../toc/IDBDDA.xml" class="icon toggle" onclick="ToggleExpandCollapse(this); return false;"><i class="fa fa-angle-right"> </i></span>Methods</a><ul class="toc-menu is-hidden"> </ul></li><li><a id="2da29bf7-becf-7371-5e41-2d549059df1c" class="has-submenu" href="2da29bf7-becf-7371-5e41-2d549059df1c.htm"><span data-tocFile="../toc/IDCDDA.xml" class="icon toggle" onclick="ToggleExpandCollapse(this); return false;"><i class="fa fa-angle-right"> </i></span>Fields</a><ul class="toc-menu is-hidden"> </ul></li></tocItems></toc>