﻿<?xml version="1.0" encoding="utf-8"?><toc><breadcrumbs><li><a href="d75eb659-6335-53f6-af7a-81814a21ab7f.htm">Docs</a></li><li><a href="d75eb659-6335-53f6-af7a-81814a21ab7f.htm">mediatec</a></li><li><a href="9bab7a05-024b-9779-cf17-abbcbe755d26.htm">mediatec.<wbr />model</a></li><li><a href="411e45a8-db6b-7853-365f-6c52916a9bc2.htm">Responsable</a></li></breadcrumbs><tocItems><li><a id="d5508c37-cd32-57f0-8e71-f4f1e027be32" href="d5508c37-cd32-57f0-8e71-f4f1e027be32.htm">Constructor</a></li><li><a id="f2e98b18-5dcc-8186-909e-4c0d083747f7" class="has-submenu" href="f2e98b18-5dcc-8186-909e-4c0d083747f7.htm"><span data-tocFile="../toc/IDBDEA.xml" class="icon toggle" onclick="ToggleExpandCollapse(this); return false;"><i class="fa fa-angle-right"> </i></span>Properties</a><ul class="toc-menu is-hidden"> </ul></li><li><a id="41e98653-aafc-dd04-688c-f711c85f3644" href="41e98653-aafc-dd04-688c-f711c85f3644.htm">Methods</a></li></tocItems></toc>