﻿<?xml version="1.0" encoding="utf-8"?><toc><breadcrumbs><li><a href="d75eb659-6335-53f6-af7a-81814a21ab7f.htm">Docs</a></li><li><a href="d75eb659-6335-53f6-af7a-81814a21ab7f.htm">mediatec</a></li><li><a href="9bab7a05-024b-9779-cf17-abbcbe755d26.htm">mediatec.<wbr />model</a></li></breadcrumbs><tocItems><li><a id="9e1c6111-2294-2543-d07f-eedda5d2be41" class="has-submenu" href="9e1c6111-2294-2543-d07f-eedda5d2be41.htm"><span data-tocFile="../toc/IDAEA.xml" class="icon toggle" onclick="ToggleExpandCollapse(this); return false;"><i class="fa fa-angle-right"> </i></span>Absence</a><ul class="toc-menu is-hidden"> </ul></li><li><a id="2289e41b-e160-ec5a-a327-95515b79dd67" class="has-submenu" href="2289e41b-e160-ec5a-a327-95515b79dd67.htm"><span data-tocFile="../toc/IDBEA.xml" class="icon toggle" onclick="ToggleExpandCollapse(this); return false;"><i class="fa fa-angle-right"> </i></span>Motif</a><ul class="toc-menu is-hidden"> </ul></li><li><a id="00e09863-be5f-d5de-1422-8bef11f73def" class="has-submenu" href="00e09863-be5f-d5de-1422-8bef11f73def.htm"><span data-tocFile="../toc/IDCEA.xml" class="icon toggle" onclick="ToggleExpandCollapse(this); return false;"><i class="fa fa-angle-right"> </i></span>Personnel</a><ul class="toc-menu is-hidden"> </ul></li><li><a id="411e45a8-db6b-7853-365f-6c52916a9bc2" class="has-submenu" href="411e45a8-db6b-7853-365f-6c52916a9bc2.htm"><span data-tocFile="../toc/IDDEA.xml" class="icon toggle" onclick="ToggleExpandCollapse(this); return false;"><i class="fa fa-angle-right"> </i></span>Responsable</a><ul class="toc-menu is-hidden"> </ul></li><li><a id="6114f1e6-9d70-7ce7-f36f-c86960454a31" class="has-submenu" href="6114f1e6-9d70-7ce7-f36f-c86960454a31.htm"><span data-tocFile="../toc/IDEEA.xml" class="icon toggle" onclick="ToggleExpandCollapse(this); return false;"><i class="fa fa-angle-right"> </i></span>Service</a><ul class="toc-menu is-hidden"> </ul></li></tocItems></toc>