﻿<?xml version="1.0" encoding="utf-8"?><toc><breadcrumbs><li><a href="d75eb659-6335-53f6-af7a-81814a21ab7f.htm">Docs</a></li><li><a href="d75eb659-6335-53f6-af7a-81814a21ab7f.htm">mediatec</a></li><li><a href="d0832a53-deb3-91d2-2087-a27e64636ae7.htm">mediatec.<wbr />view</a></li><li><a href="cf21739d-d705-1062-e4d5-81da8f872c34.htm">Frm<wbr />Absences</a></li><li><a href="5531a6d9-390d-bad7-6445-9453e0ed4772.htm">Fields</a></li></breadcrumbs><tocItems><li><a id="ebb25cce-8d49-6339-c958-821f5c8d5b41" href="ebb25cce-8d49-6339-c958-821f5c8d5b41.htm">ancienne<wbr />Date<wbr />Debut</a></li><li><a id="74d5dcb8-2444-d14e-b305-4eddb72fc9bd" href="74d5dcb8-2444-d14e-b305-4eddb72fc9bd.htm">bdg<wbr />Absence</a></li><li><a id="06c1bb29-dbeb-c4b9-f7cf-0c6b65fd86bc" href="06c1bb29-dbeb-c4b9-f7cf-0c6b65fd86bc.htm">bdg<wbr />Motif</a></li><li><a id="8339c915-be50-6fd7-a1f9-520b0bc9f88a" href="8339c915-be50-6fd7-a1f9-520b0bc9f88a.htm">btn<wbr />Annul<wbr />Absence</a></li><li><a id="3de844ca-d828-c8df-a6fe-b3e81a71e55e" href="3de844ca-d828-c8df-a6fe-b3e81a71e55e.htm">btn<wbr />Enreg<wbr />Absence</a></li><li><a id="ada1f709-0c56-354b-bcb8-69c23ccc2a03" href="ada1f709-0c56-354b-bcb8-69c23ccc2a03.htm">btn<wbr />Modifi<wbr />Absence</a></li><li><a id="0d8c19d6-4a24-bc13-2ed4-f32179e45727" href="0d8c19d6-4a24-bc13-2ed4-f32179e45727.htm">btn<wbr />Supprim<wbr />Absence</a></li><li><a id="489908e6-c9ff-4448-5399-a1a3a7711a1e" href="489908e6-c9ff-4448-5399-a1a3a7711a1e.htm">cbo<wbr />Motif</a></li><li><a id="5a9c5504-518c-6e46-b1eb-bccf01e476b1" href="5a9c5504-518c-6e46-b1eb-bccf01e476b1.htm">components</a></li><li><a id="24567c2c-967c-102c-fadc-7285086adf18" href="24567c2c-967c-102c-fadc-7285086adf18.htm">controller</a></li><li><a id="8c1d6161-8e00-f68f-1e33-241fdd908471" href="8c1d6161-8e00-f68f-1e33-241fdd908471.htm">dgv<wbr />Absence</a></li><li><a id="73eb50c3-bff0-c690-129a-425610cc130f" href="73eb50c3-bff0-c690-129a-425610cc130f.htm">dtp<wbr />Debut</a></li><li><a id="e3104453-ae21-c418-282d-63347ce29eb9" href="e3104453-ae21-c418-282d-63347ce29eb9.htm">dtp<wbr />Fin</a></li><li><a id="8d44ae6a-c4f7-4aeb-40f4-69bfa80733ce" href="8d44ae6a-c4f7-4aeb-40f4-69bfa80733ce.htm">en<wbr />Cours<wbr />De<wbr />Modif<wbr />Absence</a></li><li><a id="62228011-ff64-d20c-4492-2e53d4f5f32a" href="62228011-ff64-d20c-4492-2e53d4f5f32a.htm">grb<wbr />Absence</a></li><li><a id="863110a1-b2c7-d4f5-8dc0-7a7688b30c23" href="863110a1-b2c7-d4f5-8dc0-7a7688b30c23.htm">grb<wbr />Les<wbr />Absence</a></li><li><a id="a1e50090-7481-65e9-0624-fdd1344e02b0" href="a1e50090-7481-65e9-0624-fdd1344e02b0.htm">lbl<wbr />Date<wbr />Debut</a></li><li><a id="83be2680-83f2-3286-76f3-58884cc7e255" href="83be2680-83f2-3286-76f3-58884cc7e255.htm">lbl<wbr />Date<wbr />Fin</a></li><li><a id="cf6143a5-047a-c0c6-6210-91dae115abd3" href="cf6143a5-047a-c0c6-6210-91dae115abd3.htm">lbl<wbr />Motif</a></li><li><a id="bb2a39dd-d767-e89f-99c0-a07e2725e88d" href="bb2a39dd-d767-e89f-99c0-a07e2725e88d.htm">lbl<wbr />Personnel<wbr />Selectionne</a></li><li><a id="7f44dd03-49b9-3c7e-23e8-a483b0cbc980" href="7f44dd03-49b9-3c7e-23e8-a483b0cbc980.htm">personnel<wbr />Selectionne</a></li></tocItems></toc>