﻿<?xml version="1.0" encoding="utf-8"?><toc><breadcrumbs><li><a href="d75eb659-6335-53f6-af7a-81814a21ab7f.htm">Docs</a></li><li><a href="d75eb659-6335-53f6-af7a-81814a21ab7f.htm">mediatec</a></li><li><a href="7eedf0bd-4b61-92cb-2353-4afadf155b59.htm">mediatec.<wbr />dal</a></li><li><a href="6603a97d-43df-0fe7-d906-351b2d243e47.htm">Access</a></li><li><a href="d1443a96-5455-458d-431e-f1fb3489489f.htm">Fields</a></li></breadcrumbs><tocItems><li><a id="43db59c6-b39b-dc22-f30e-248c176ea50a" href="43db59c6-b39b-dc22-f30e-248c176ea50a.htm">connection<wbr />String</a></li><li><a id="4ffab7ba-b5f4-79bb-5d96-5a2ba50c0b7f" href="4ffab7ba-b5f4-79bb-5d96-5a2ba50c0b7f.htm">instance</a></li></tocItems></toc>