﻿<?xml version="1.0" encoding="utf-8"?><toc><breadcrumbs><li><a href="d75eb659-6335-53f6-af7a-81814a21ab7f.htm">Docs</a></li><li><a href="d75eb659-6335-53f6-af7a-81814a21ab7f.htm">mediatec</a></li><li><a href="d0832a53-deb3-91d2-2087-a27e64636ae7.htm">mediatec.<wbr />view</a></li><li><a href="d771c97e-1cba-19f1-52ff-40548a4f8a10.htm">Frm<wbr />Authentification</a></li><li><a href="3f922024-a0e6-d1f2-6055-602ddbbd589d.htm">Fields</a></li></breadcrumbs><tocItems><li><a id="f1e693bc-a313-6b61-bc60-0ce13ff24b7c" href="f1e693bc-a313-6b61-bc60-0ce13ff24b7c.htm">btn<wbr />Se<wbr />Connect</a></li><li><a id="356bfd12-5b15-f4fa-e7d1-b56ff73a2537" href="356bfd12-5b15-f4fa-e7d1-b56ff73a2537.htm">components</a></li><li><a id="28c624ec-f452-84ca-c951-f5b92714f5c6" href="28c624ec-f452-84ca-c951-f5b92714f5c6.htm">controller</a></li><li><a id="e008f49b-c162-7c25-7f7d-846de5b7df24" href="e008f49b-c162-7c25-7f7d-846de5b7df24.htm">lbl<wbr />Login</a></li><li><a id="9088fe19-f769-f8a9-b909-6aa4e4bfe7b3" href="9088fe19-f769-f8a9-b909-6aa4e4bfe7b3.htm">lbl<wbr />Pwd</a></li><li><a id="519908e8-7a5a-5e07-ee19-72fc32edcc81" href="519908e8-7a5a-5e07-ee19-72fc32edcc81.htm">txt<wbr />Login</a></li><li><a id="41221dc7-253f-7891-5130-5f6d63aa0bf2" href="41221dc7-253f-7891-5130-5f6d63aa0bf2.htm">txt<wbr />Pwd</a></li></tocItems></toc>