﻿<?xml version="1.0" encoding="utf-8"?><toc><breadcrumbs><li><a href="d75eb659-6335-53f6-af7a-81814a21ab7f.htm">Docs</a></li><li><a href="d75eb659-6335-53f6-af7a-81814a21ab7f.htm">mediatec</a></li><li><a href="d0832a53-deb3-91d2-2087-a27e64636ae7.htm">mediatec.<wbr />view</a></li><li><a href="dff5f6b0-f740-1c4d-5b7d-c98ae351e1d1.htm">Frm<wbr />Media<wbr />Tec</a></li><li><a href="f3a9a79b-99db-3ea6-e2a3-a14954149388.htm">Fields</a></li></breadcrumbs><tocItems><li><a id="238ec5e3-04af-6d74-ac98-c5e19751d756" href="238ec5e3-04af-6d74-ac98-c5e19751d756.htm">bdg<wbr />Personnel</a></li><li><a id="0b989f92-a01e-99ac-69c5-89e3e26944c7" href="0b989f92-a01e-99ac-69c5-89e3e26944c7.htm">bdg<wbr />Service</a></li><li><a id="c318dccd-99ed-05a5-dcea-079cd2e42ea0" href="c318dccd-99ed-05a5-dcea-079cd2e42ea0.htm">btn<wbr />Absence</a></li><li><a id="118be928-849b-ef73-371d-7a42fc9e5bd6" href="118be928-849b-ef73-371d-7a42fc9e5bd6.htm">btn<wbr />Annul<wbr />Per</a></li><li><a id="13439fc3-97a4-89f8-9a92-67c7d97d1eb4" href="13439fc3-97a4-89f8-9a92-67c7d97d1eb4.htm">btn<wbr />Enreg<wbr />Per</a></li><li><a id="71295bfe-5415-4e49-caf0-688bcf55852c" href="71295bfe-5415-4e49-caf0-688bcf55852c.htm">btn<wbr />Modifi<wbr />Personnel</a></li><li><a id="d5cd7423-4314-a615-3175-40dd99ee574d" href="d5cd7423-4314-a615-3175-40dd99ee574d.htm">btn<wbr />Suppr<wbr />Personnel</a></li><li><a id="552c9f29-b99d-612d-cf2a-48d595843f12" href="552c9f29-b99d-612d-cf2a-48d595843f12.htm">cbo<wbr />Service</a></li><li><a id="6be26fda-dba3-1e09-25bf-54e12a99ea48" href="6be26fda-dba3-1e09-25bf-54e12a99ea48.htm">components</a></li><li><a id="ab9b1e77-5851-b899-f374-f2a7244ff929" href="ab9b1e77-5851-b899-f374-f2a7244ff929.htm">controller</a></li><li><a id="07059491-ddde-f13d-8d4d-72f08ede96e4" href="07059491-ddde-f13d-8d4d-72f08ede96e4.htm">dgv<wbr />Personnel</a></li><li><a id="b003eff7-31e0-5981-1ed6-cee3cd9c956c" href="b003eff7-31e0-5981-1ed6-cee3cd9c956c.htm">en<wbr />Cours<wbr />De<wbr />Modif<wbr />Personnel</a></li><li><a id="ace3d5fb-6a16-171b-a464-2dc8354bc08e" href="ace3d5fb-6a16-171b-a464-2dc8354bc08e.htm">grb<wbr />Ajout<wbr />Per</a></li><li><a id="28ff1ef9-c3bc-b8e8-003c-d8cb191794ec" href="28ff1ef9-c3bc-b8e8-003c-d8cb191794ec.htm">grb<wbr />Personnel</a></li><li><a id="309e929c-1aad-c955-71d6-5e77910d301e" href="309e929c-1aad-c955-71d6-5e77910d301e.htm">lbl<wbr />Mail</a></li><li><a id="5657b082-6110-2bb4-f43f-9951a5a1224e" href="5657b082-6110-2bb4-f43f-9951a5a1224e.htm">lbl<wbr />Nom</a></li><li><a id="8dc26473-8eb7-1c86-4184-3b23198b5c58" href="8dc26473-8eb7-1c86-4184-3b23198b5c58.htm">lbl<wbr />Prenom</a></li><li><a id="72585cf1-4c84-8670-25c9-cef64724a19c" href="72585cf1-4c84-8670-25c9-cef64724a19c.htm">lbl<wbr />Service</a></li><li><a id="6b5d4f8f-0063-5afb-b445-b347b6548f0d" href="6b5d4f8f-0063-5afb-b445-b347b6548f0d.htm">lbl<wbr />Tel</a></li><li><a id="8491bc6d-0772-7972-9289-93a4dca0fc8c" href="8491bc6d-0772-7972-9289-93a4dca0fc8c.htm">txt<wbr />Mail</a></li><li><a id="682b5417-d25d-eb93-9d32-87cde1be071e" href="682b5417-d25d-eb93-9d32-87cde1be071e.htm">txt<wbr />Nom</a></li><li><a id="5f1af4f2-1a7d-203f-4271-df4872f49de4" href="5f1af4f2-1a7d-203f-4271-df4872f49de4.htm">txt<wbr />Prenom</a></li><li><a id="0c96bfa2-0be5-5037-6e3f-969aaafbcab6" href="0c96bfa2-0be5-5037-6e3f-969aaafbcab6.htm">txt<wbr />Tel</a></li></tocItems></toc>