﻿<?xml version="1.0" encoding="utf-8"?><toc><breadcrumbs><li><a href="d75eb659-6335-53f6-af7a-81814a21ab7f.htm">Docs</a></li><li><a href="d75eb659-6335-53f6-af7a-81814a21ab7f.htm">mediatec</a></li><li><a href="d0832a53-deb3-91d2-2087-a27e64636ae7.htm">mediatec.<wbr />view</a></li><li><a href="cf21739d-d705-1062-e4d5-81da8f872c34.htm">Frm<wbr />Absences</a></li><li><a href="cb458cac-f7b4-e33e-470c-cd1fe631cf64.htm">Methods</a></li><li><a href="92ff8dc2-af4d-41f0-31f4-e0faf191b532.htm">Dispose</a></li></breadcrumbs><tocItems><li><a id="713982f1-e40d-74f0-634a-fdafc009d990" href="713982f1-e40d-74f0-634a-fdafc009d990.htm">Dispose(<wbr />Boolean)</a></li></tocItems></toc>