﻿<?xml version="1.0" encoding="utf-8"?><toc><breadcrumbs><li><a href="d75eb659-6335-53f6-af7a-81814a21ab7f.htm">Docs</a></li><li><a href="d75eb659-6335-53f6-af7a-81814a21ab7f.htm">mediatec</a></li><li><a href="7eedf0bd-4b61-92cb-2353-4afadf155b59.htm">mediatec.<wbr />dal</a></li><li><a href="e4cf54ac-12cb-3ba3-8e28-907b83ba8803.htm">Responsable<wbr />Access</a></li></breadcrumbs><tocItems><li><a id="151f7a27-da5a-d5a7-88eb-3dbca0ae5698" href="151f7a27-da5a-d5a7-88eb-3dbca0ae5698.htm">Constructor</a></li><li><a id="31988c43-0d82-6845-929d-6f9c625f91ff" class="has-submenu" href="31988c43-0d82-6845-929d-6f9c625f91ff.htm"><span data-tocFile="../toc/IDBEDA.xml" class="icon toggle" onclick="ToggleExpandCollapse(this); return false;"><i class="fa fa-angle-right"> </i></span>Methods</a><ul class="toc-menu is-hidden"> </ul></li><li><a id="20b84bbe-a9c2-ef13-40ff-471e5fb91290" class="has-submenu" href="20b84bbe-a9c2-ef13-40ff-471e5fb91290.htm"><span data-tocFile="../toc/IDCEDA.xml" class="icon toggle" onclick="ToggleExpandCollapse(this); return false;"><i class="fa fa-angle-right"> </i></span>Fields</a><ul class="toc-menu is-hidden"> </ul></li></tocItems></toc>