﻿<?xml version="1.0" encoding="utf-8"?><toc><breadcrumbs><li><a href="d75eb659-6335-53f6-af7a-81814a21ab7f.htm">Docs</a></li><li><a href="d75eb659-6335-53f6-af7a-81814a21ab7f.htm">mediatec</a></li><li><a href="9bab7a05-024b-9779-cf17-abbcbe755d26.htm">mediatec.<wbr />model</a></li><li><a href="6114f1e6-9d70-7ce7-f36f-c86960454a31.htm">Service</a></li></breadcrumbs><tocItems><li><a id="b7ffd7e0-6ba6-a575-eb11-198927cbc0dd" href="b7ffd7e0-6ba6-a575-eb11-198927cbc0dd.htm">Constructor</a></li><li><a id="519e7dec-2195-9bc2-7183-7d667a1e9926" class="has-submenu" href="519e7dec-2195-9bc2-7183-7d667a1e9926.htm"><span data-tocFile="../toc/IDBEEA.xml" class="icon toggle" onclick="ToggleExpandCollapse(this); return false;"><i class="fa fa-angle-right"> </i></span>Properties</a><ul class="toc-menu is-hidden"> </ul></li><li><a id="65df2e46-0049-9106-46a0-0edb0d0c562b" class="has-submenu" href="65df2e46-0049-9106-46a0-0edb0d0c562b.htm"><span data-tocFile="../toc/IDCEEA.xml" class="icon toggle" onclick="ToggleExpandCollapse(this); return false;"><i class="fa fa-angle-right"> </i></span>Methods</a><ul class="toc-menu is-hidden"> </ul></li></tocItems></toc>