﻿<?xml version="1.0" encoding="utf-8"?><toc><breadcrumbs><li><a href="d75eb659-6335-53f6-af7a-81814a21ab7f.htm">Docs</a></li><li><a href="d75eb659-6335-53f6-af7a-81814a21ab7f.htm">mediatec</a></li><li><a href="d0832a53-deb3-91d2-2087-a27e64636ae7.htm">mediatec.<wbr />view</a></li></breadcrumbs><tocItems><li><a id="cf21739d-d705-1062-e4d5-81da8f872c34" class="has-submenu" href="cf21739d-d705-1062-e4d5-81da8f872c34.htm"><span data-tocFile="../toc/IDAFA.xml" class="icon toggle" onclick="ToggleExpandCollapse(this); return false;"><i class="fa fa-angle-right"> </i></span>Frm<wbr />Absences</a><ul class="toc-menu is-hidden"> </ul></li><li><a id="d771c97e-1cba-19f1-52ff-40548a4f8a10" class="has-submenu" href="d771c97e-1cba-19f1-52ff-40548a4f8a10.htm"><span data-tocFile="../toc/IDBFA.xml" class="icon toggle" onclick="ToggleExpandCollapse(this); return false;"><i class="fa fa-angle-right"> </i></span>Frm<wbr />Authentification</a><ul class="toc-menu is-hidden"> </ul></li><li><a id="dff5f6b0-f740-1c4d-5b7d-c98ae351e1d1" class="has-submenu" href="dff5f6b0-f740-1c4d-5b7d-c98ae351e1d1.htm"><span data-tocFile="../toc/IDCFA.xml" class="icon toggle" onclick="ToggleExpandCollapse(this); return false;"><i class="fa fa-angle-right"> </i></span>Frm<wbr />Media<wbr />Tec</a><ul class="toc-menu is-hidden"> </ul></li></tocItems></toc>