﻿<?xml version="1.0" encoding="utf-8"?><toc><breadcrumbs><li><a href="d75eb659-6335-53f6-af7a-81814a21ab7f.htm">Docs</a></li><li><a href="d75eb659-6335-53f6-af7a-81814a21ab7f.htm">mediatec</a></li><li><a href="d0832a53-deb3-91d2-2087-a27e64636ae7.htm">mediatec.<wbr />view</a></li><li><a href="dff5f6b0-f740-1c4d-5b7d-c98ae351e1d1.htm">Frm<wbr />Media<wbr />Tec</a></li><li><a href="d1b35ce9-f269-b763-7e87-a7c693cdd75a.htm">Methods</a></li><li><a href="459bb9ce-0b73-6137-5ffe-e7b7fd01f807.htm">Dispose</a></li></breadcrumbs><tocItems><li><a id="ca32c444-1c4a-2e3f-b4d6-5d99c9d83e37" href="ca32c444-1c4a-2e3f-b4d6-5d99c9d83e37.htm">Dispose(<wbr />Boolean)</a></li></tocItems></toc>