﻿<?xml version="1.0" encoding="utf-8"?><toc><breadcrumbs><li><a href="d75eb659-6335-53f6-af7a-81814a21ab7f.htm">Docs</a></li><li><a href="d75eb659-6335-53f6-af7a-81814a21ab7f.htm">mediatec</a></li><li><a href="7eedf0bd-4b61-92cb-2353-4afadf155b59.htm">mediatec.<wbr />dal</a></li><li><a href="7ec4b33f-e404-804a-2c6a-895fc2e932a8.htm">Service<wbr />Access</a></li></breadcrumbs><tocItems><li><a id="bf231921-a14b-27fa-5033-bc5eea514d33" href="bf231921-a14b-27fa-5033-bc5eea514d33.htm">Constructor</a></li><li><a id="dd88b967-6301-bd5f-9a9a-cfe25e97fcdf" class="has-submenu" href="dd88b967-6301-bd5f-9a9a-cfe25e97fcdf.htm"><span data-tocFile="../toc/IDBFDA.xml" class="icon toggle" onclick="ToggleExpandCollapse(this); return false;"><i class="fa fa-angle-right"> </i></span>Methods</a><ul class="toc-menu is-hidden"> </ul></li><li><a id="275fe320-611d-a3e6-c404-82a29a25b61b" class="has-submenu" href="275fe320-611d-a3e6-c404-82a29a25b61b.htm"><span data-tocFile="../toc/IDCFDA.xml" class="icon toggle" onclick="ToggleExpandCollapse(this); return false;"><i class="fa fa-angle-right"> </i></span>Fields</a><ul class="toc-menu is-hidden"> </ul></li></tocItems></toc>